"cid1","cid1_name","main_brand_name","sub_brand_name","sub_brand_code","monther_comany","sub_company","sale_qtty","gmv","item_name","spu_num","shop_name","dt"
"0","其他","飞科","飞科（FLYCO）","30822","飞科股份","上海飞科电器股份有限公司","14","210.0","飞科女士脱毛器原装刀头适用于FS7209和FS7208","2","飞科大草专卖店","2019-04"
"12","其他商品","TCL","TCL","10858","TCL集团","TCL集团股份有限公司","8026","632057.0","集成吊顶led灯电源驱动器 吸顶灯恒流镇流器变压器8W 12W 24W 38W","100","tcl车品官方旗舰店","2019-04"
"12","其他商品","TCL","TCL-罗格朗","41278","TCL集团","TCL集团股份有限公司","1837","142314.0","罗格朗触摸式感应led小夜灯婴儿床头灯usb快充插座应急灯家用","4","罗格朗官方旗舰店","2019-04"
"12","其他商品","Zara","Zara","13261850","ZARA官方旗舰店","ZARA官方旗舰店","10","8690.0","Zara Home 金色弓型台灯 44719047303","13","zarahome官方旗舰店","2019-04"
"12","其他商品","佰草集","Herborist/佰草集","20016","上海家化联合股份有限公司","上海家化联合股份有限公司","2","198.0","【赠品】佰草集新梦幻典萃美肌面膜15片（款式随机）","2","佰草集邦威专卖店","2019-04"
"12","其他商品","华帝","Vatti/华帝","30835","华帝股份","华帝股份有限公司","3","5292.0","华帝高速破壁加热料理机榨汁豆浆机多功能家用搅拌机（买烟灶赠）","3","苏宁易购官方旗舰店","2019-04"
"12","其他商品","南极人","南极人(NANJIREN)","107380","南极人(上海)股份有限公司","南极人(上海)股份有限公司","13131","1488023.0","瘦脸神器滚轮式v脸部按摩器仪手动提拉紧致面部男女溶脂3d美容棒","20","南极人雪莱专卖店","2019-04"
"12","其他商品","海尔","KKC","10448398","海尔集团","海尔信息科技（深圳）有限公司","9098","1176080.0","蜜粉色定制食品级硅胶漱口杯400ml 抗摔抗压只做换购用单拍不发货","38","kkc踞龙潭专卖店","2019-04"
"12","其他商品","海尔","海尔（Haier）","11016","海尔集团","青岛海尔投资发展有限公司","1914","272916.0","海尔智能家用体脂体重秤专业人体精准称重女生成人减肥小型电子称","23","海尔飞达专卖店","2019-04"
"12","其他商品","科沃斯","科沃斯（Ecovacs）","3592686","科沃斯股份","科沃斯机器人有限公司","594","594.0","科沃斯扫地机器人配件抹布边刷海帕滚刷电池水箱电源充电座邮费等","1","科沃斯科帅专卖店","2019-04"
"12","其他商品","美的","美的（Midea）","30652","美的集团","美的集团股份有限公司","251524","2.1879793E7","香薰灯小夜灯创意卧室床头浪漫睡眠灯饰网红调情趣护眼少女心台灯","1047","苏宁易购官方旗舰店","2019-04"
"12","其他商品","自然堂","CHANDO/自然堂","66927","伽蓝（集团）股份有限公司","伽蓝（集团）股份有限公司","15947","669733.0","自然堂雪域精粹冰肌水60ml 补水保湿滋养肌肤","3","自然堂旗舰店","2019-04"
"12","其他商品","阿迪达斯","Adidas/阿迪达斯","20579","阿迪达斯有限公司","阿迪达斯有限公司","14","210.0","【运费专拍】锐力运动专卖 邮费补差价","1","锐力运动户外专营店","2019-04"
"12","其他商品","韩束","红色小象","7951745","上海黎姿化妆品有限公司","上海黎姿化妆品有限公司","25","24975.0","【会员专享】免洗洗手液（便携式）","2","红色小象旗舰店","2019-04"
"12","其他商品","飞科","飞科（FLYCO）","30822","飞科股份","上海飞科电器股份有限公司","43461","3824922.0","飞科电动女士脱毛器刮腋毛腿毛刀阴毛修剪器私处剃毛机脱毛仪家用","45","飞科鼎发专卖店","2019-04"
"7","家居建材","H&M","H&M","45445","HM官方旗舰店","HM官方旗舰店","5121","685988.0","H＆M至臻品质家居用品桌旗精致简约布艺水洗亚麻桌旗HM0574070","1080","HM官方旗舰店","2019-04"
"7","家居建材","TCL","TCL","10858","TCL集团","TCL集团股份有限公司","109924","1.6889188E7","集成吊顶铝扣板吸盘强力吸盘拆卸维护专用配件手机拆机工具吸屏器","2274","盛优装潢专营店","2019-04"
"7","家居建材","TCL","TCL-罗格朗","41278","TCL集团","TCL集团股份有限公司","185192","1.7207486E7","群专享 特价商品 小四位排插（仅限群聊特价秒杀）","6642","罗格朗金剀明专卖店","2019-04"
"7","家居建材","Zara","Zara","13261850","ZARA官方旗舰店","ZARA官方旗舰店","17463","4274856.0","镶边棉缎床品四件套 47228000656","3905","zarahome官方旗舰店","2019-04"
"7","家居建材","优衣库","Uniqlo/优衣库","29527","株式会社迅销","株式会社迅销","3002","218918.0","男装/女装 起居拖鞋 416402 优衣库UNIQLO","20","优衣库官方旗舰店","2019-04"
"7","家居建材","创维","创维（Skyworth）","11841","创维集团","创维集团有限公司","12","26448.0","创维指纹锁配件","20","创维颉鼎专卖店","2019-04"
"7","家居建材","华帝","Vatti/华帝","30835","华帝股份","华帝股份有限公司","15943","6277877.0","华帝（Vatti)四灯暖泡灯暖三合一多功能灯暖浴霸厨卫浴室吊顶","351","苏宁易购官方旗舰店","2019-04"
"7","家居建材","南极人","南极人(NANJIREN)","107380","南极人(上海)股份有限公司","南极人(上海)股份有限公司","2750736","2.3337257E8","麻将凉席坐椅垫单片夏天竹垫夏季汽车凉坐垫通用无靠背防滑三件套","7501","闺秀家居专营店","2019-04"
"7","家居建材","南极人","南极人home","1622969044","南极人(上海)股份有限公司","南极人(上海)股份有限公司","10919","1745513.0","送枕套】南极人home双人长枕头枕芯决明子护颈1.2/1.5/1.8米情侣","188","南极人home旗舰店","2019-04"
"7","家居建材","御泥坊","御泥坊","3287905","湖南御泥坊化妆品有限公司","湖南御泥坊化妆品有限公司","7","273.0","御泥坊长绒棉弱捻抗菌毛巾家用成人秋冬适用柔软吸水速干洗脸巾","1","御泥坊旗舰店","2019-04"
"7","家居建材","森马","Semir/森马","130259","浙江森马服饰有限公司","浙江森马服饰有限公司","2470","260176.0","森马纯棉盖毯单人双人夏凉被家用毛毯午睡办公室毯子1","98","森马家纺旗舰店","2019-04"
"7","家居建材","波司登","波司登","121588122","波司登国际服饰(中国)有限公司","波司登国际服饰(中国)有限公司","340","218359.0","波司登面包枕白鹅绒枕芯羽绒枕头单人成人枕头酒店枕","63","波司登家居旗舰店","2019-04"
"7","家居建材","海尔","海尔（Haier）","11016","海尔集团","青岛海尔投资发展有限公司","22531","1.0219456E7","海尔（Haier）整体橱柜定制现代简约厨房装修盛夏光年 预付金","180","鑫领域家居专营店","2019-04"
"7","家居建材","美的","美的（Midea）","30652","美的集团","美的集团股份有限公司","20926","6948480.0","配件―浴霸集成吊顶转接框铝合金加厚转换框安装框架","148","菜鸟测试帐号1002的小店","2019-04"
"7","家居建材","苏泊尔","苏泊尔（SUPOR）","30844","苏泊尔集团","浙江苏泊尔股份有限公司","2583","595800.0","苏泊尔黑色花洒套装淋浴浴室卫浴欧式卫生间家用局部铜沐浴淋喷头","87","苏泊尔惠尔正专卖店","2019-04"
"7","家居建材","雅诗兰黛","雅诗兰黛","20034","雅诗兰黛有限公司","雅诗兰黛有限公司","8","71.0","颜落测试邮费请不要拍下","12","阿里掌柜测试帐号","2019-04"
"7","家居建材","飞科","飞科（FLYCO）","30822","飞科股份","上海飞科电器股份有限公司","32343","1247501.0","飞科正品插座电源接线板插排插线板插板带线过载保护1.8/3米家用","27","飞科睿超专卖店","2019-04"
"4","家用电器","TCL","TCL","10858","TCL集团","TCL集团股份有限公司","485766","3.34615135E8","飞利浦TCL电话机电源线","5881","齐天电器专营店","2019-04"
"4","家用电器","TCL","乐华海倍（eshare）","360409362","TCL集团","TCL空调器（中山）有限公司","51","106829.0","空调立式客厅大3匹P家用冷暖柜机 TCL 乐华海倍 KFRd-72LW/S22","64","达达大家电专营店","2019-04"
"4","家用电器","九阳","九阳（Joyoung）","30850","九阳股份","九阳股份有限公司","1107499","3.38837609E8","预售九阳电热水瓶家用全自动保温智能烧水壶饮水机大容量5L电水壶","4770","苏宁易购官方旗舰店","2019-04"
"4","家用电器","创维","创维（Skyworth）","11841","创维集团","创维集团有限公司","77739","1.13461141E8","风冷家用无霜Skyworth/创维 W209MM三门冰箱节能冷藏冷冻电冰箱","1701","鸿鸣电器专营店","2019-04"
"4","家用电器","创维","酷开","3903083","创维集团","深圳创维-RGB电子有限公司","14888","2.1020683E7","酷开（coocaa）Live-time新款2.0双声道大音量无线蓝牙音箱迷你便携式小音响复古音箱（玫瑰粉）","522","钧承影音专营店","2019-04"
"4","家用电器","华帝","Vatti/华帝","30835","华帝股份","华帝股份有限公司","50096","1.00189279E8","餐具消毒碗柜小型家用经济型i13030华帝消毒柜双门嵌入式镶嵌台式","2499","银青盛世电器专营店","2019-04"
"4","家用电器","南极人","南极人(NANJIREN)","199124558","南极人(上海)股份有限公司","南极人(上海)股份有限公司","507807","5.3889222E7","颈椎枕头盐袋海盐粗盐大粒热敷包电加热家用热敷袋理疗袋艾灸盐包","1265","雷力兄弟个人护理专营店","2019-04"
"4","家用电器","小天鹅","小天鹅（LittleSwan）","30657","小天鹅股份","无锡小天鹅股份有限公司","66651","1.22088327E8","滚筒全自动洗烘干一体机8公斤kg小天鹅家用9变频节能TD80V62ADG5","1155","龙啸电器专营店","2019-04"
"4","家用电器","小天鹅","比佛利（BEVERLY）","27203731","小天鹅股份","无锡小天鹅股份有限公司","250","852552.0","美的比佛利电热水器家用速热防漏电60L电热水器 F6030-ES2(HEY)","28","比佛利旗舰店","2019-04"
"4","家用电器","格力","大松（TOSOT）","528788281","格力集团","珠海格力电器股份有限公司","9793","3845583.0","高效除醛除尘除异味滤网 大松KJ320G-A01空气净化器专用","382","鑫马电器专营店","2019-04"
"4","家用电器","格力","晶弘（KINGHOME）","94577551","格力集团","合肥晶弘电器有限公司","1410","4389040.0","格力Kinghome/晶弘 BCD-940WPQG2多功能智能变频十字对开门冰箱","18","苏宁易购官方旗舰店","2019-04"
"4","家用电器","格力","格力（GREE）","30645","格力集团","珠海格力电器股份有限公司","266745","4.44667886E8","高效除醛除尘除异味净化器滤网 KJ320G-A01空气净化器专用","4263","阳博电器专营店","2019-04"
"4","家用电器","汤臣倍健","健力多","559414702","汤臣倍健股份","广东汤臣倍健生物科技股份有限公司","1","59.0","KEYLID/健力多护膝运动保暖老寒腿膝盖关节男女中老人跑步篮球","1","健力多官方旗舰店","2019-04"
"4","家用电器","海尔","模卡（MOOKA）","704278962","海尔集团","青岛海尔电子有限公司","3297","5635293.0","模卡（MOOKA）U55A5 55英寸彩电 4k智能液晶电视机【海尔出品】","29","苏宁易购官方旗舰店","2019-04"
"4","家用电器","海尔","海尔（Haier）","11016","海尔集团","青岛海尔投资发展有限公司","575855","8.63051047E8","（猫宁）Haier/海尔 KFR-50LW/16UCP22AU1","20161","龙在飞电器专营店","2019-04"
"4","家用电器","海尔","统帅（Leader）","113190408","海尔集团","青岛乐家电器有限公司","88020","1.16073672E8","静音1.5匹变频家用空调海尔Leader/统帅 KFR-35GW/17HAA21ATU1","1283","蜀葵电器专营店","2019-04"
"4","家用电器","科沃斯","泰怡凯（TEK）","129370505","科沃斯股份","科沃斯机器人有限公司","696","1068124.0","科沃斯TEK无线家用吸尘器A8 CV89强力吸尘机长续航小型无绳","38","苏宁易购官方旗舰店","2019-04"
"4","家用电器","科沃斯","科沃斯（Ecovacs）","3592686","科沃斯股份","科沃斯机器人有限公司","72651","1.11994718E8","魔卡/DN62系列边刷 一对装","565","苏宁易购官方旗舰店","2019-04"
"4","家用电器","美的","美的（Midea）","30652","美的集团","美的集团股份有限公司","2796942","1.702095122E9","（预售）美的 制冰机商用奶茶店冰块全自动智能45kg冰机MS-P45KA","39596","龙啸电器专营店","2019-04"
"4","家用电器","老板","名气（MQ）","375852082","老板电器","杭州老板实业集团有限公司","491","1672989.0","名气（MQ） 家用净水器智能提醒小体积大流量净水机PUF5-002J","77","名气电器旗舰店","2019-04"
"4","家用电器","老板","老板（Robam）","30837","老板电器","杭州老板电器股份有限公司","830621","1.03981608E8","（单拍无效）Robam/老板 PUF5-J382 净水器 厨房过滤家用净水器","2397","鸿鸣电器专营店","2019-04"
"4","家用电器","苏泊尔","苏泊尔（SUPOR）","30844","苏泊尔集团","浙江苏泊尔股份有限公司","1519157","3.43061273E8","鲜呼吸球釜双胆触控5L电压力锅苏泊尔一元起拍保价365天","4603","鼎科电器专营店","2019-04"
"4","家用电器","飞科","博锐（POREE）","536692907","飞科股份","上海飞科电器股份有限公司","154344","5389817.0","毛衣服女起球修剪器充电式去毛毛球衣物刮吸除毛器剃打脱毛机家用","100","我的B2C小店0","2019-04"
"4","家用电器","飞科","飞科（FLYCO）","30822","飞科股份","上海飞科电器股份有限公司","1903055","1.4969588E8","鼻毛器 飞科 FS7805 飞科鼻毛修剪器 拱形刀头 去鼻毛器","2291","飞鸿电器专营店","2019-04"
"3","手机数码","TCL","TCL","10858","TCL集团","TCL集团股份有限公司","4493","1811996.0","防伪TCL罗格朗超五类网络跳线1235米路由器电脑成品网线高速","74","谋远数码专营店","2019-04"
"3","手机数码","创维","创维（Skyworth）","11841","创维集团","创维集团有限公司","2098","2625566.0","带鱼屏显示器21:9创维2k144hz 30寸电竞曲面显示器台式机电脑分屏","86","飞煌数码专营店","2019-04"
"3","手机数码","创维","酷开","3903083","创维集团","深圳创维-RGB电子有限公司","1","613.0","游戏机HS-T8摇杆 耐用三和型 格斗摇杆","2","盈春电玩专营店","2019-04"
"3","手机数码","南极人","南极人(NANJIREN)","107380","南极人(上海)股份有限公司","南极人(上海)股份有限公司","1","40.0","南极人小风扇迷你便携式手持手拿随身学生宿舍小型usb可充电风扇","1","南极人衣色色专卖店","2019-04"
"3","手机数码","格力","正格（MMC）","60138","格力集团","珠海格力新技术研究所有限公司","2657","63349.0","正格ＧＴ-Ｈ540ＡＫ适用 cp1213 1214 1216ＣＰ1215 HPCB540A硒鼓","495","欣双格办公专营店","2019-04"
"3","手机数码","海尔","海尔（Haier）","11016","海尔集团","青岛海尔投资发展有限公司","2040","2392227.0","海尔（haier）乐享X1窄边框一体机电脑台式主机全套AMD网吧游戏型家用办公迷你整机","51","苏宁易购官方旗舰店","2019-04"
"3","手机数码","美的","美的（Midea）","30652","美的集团","美的集团股份有限公司","998","190307.0","逆战二期测试请不要拍_002","20","菜鸟测试帐号1002的小店","2019-04"
"3","手机数码","阿迪达斯","Adidas/阿迪达斯","20579","阿迪达斯有限公司","阿迪达斯有限公司","1539","244603.0","阿迪达斯苹果iPhoneXs手机壳新款苹果7硅胶纯色男女潮牌8plus后盖手机套iPhone7 plus保护壳","67","谭谭数码专营店","2019-04"
"2","服装鞋包","H&M","H&M","45445","HM官方旗舰店","HM官方旗舰店","286104","3.4505706E7","MOSCHINO [tv] H＆M女装连衣裙女冬季新款潮流裙子HM0702855","8807","HM官方旗舰店","2019-04"
"2","服装鞋包","Zara","Zara","13261850","ZARA官方旗舰店","ZARA官方旗舰店","59","15321.0","测试宝贝请不要拍-非活动商品编辑验证","9915","我的B2C小店0","2019-04"
"2","服装鞋包","优衣库","Uniqlo/优衣库","29527","株式会社迅销","株式会社迅销","4712551","5.09181683E8","童装/男童/女童 HEATTECH针织手套 412590 优衣库UNIQLO","2732","优衣库官方旗舰店","2019-04"
"2","服装鞋包","南极人","南极人(NANJIREN)","107380","南极人(上海)股份有限公司","南极人(上海)股份有限公司","11435858","5.33106232E8","黑色连衣裙2019新款潮流字母印花T恤裙韩版宽松显瘦中长款裙子夏","55196","龙鼎服饰专营店","2019-04"
"2","服装鞋包","南极人","南极人+","1137274781","南极人(上海)股份有限公司","南极人(上海)股份有限公司","71","8365.0","南极人＋裤子男士韩版潮流亚麻秋季宽松休闲运动小脚修身9九分裤","149","南极人男装定制旗舰店","2019-04"
"2","服装鞋包","安踏","ANTA/安踏","3424764","安踏(中国)有限公司","安踏(中国)有限公司","287","31935.0","官网正品运动帽2019夏季新款时尚潮流男女网球帽户外健身空顶帽子","89","宝源运动专营店","2019-04"
"2","服装鞋包","李宁","Lining/李宁","20592","李宁体育(上海)有限公司","李宁体育(上海)有限公司","2083","42175.0","清仓李宁帽子春秋男女通用保暖针织帽中性帽子保暖防风毛线帽子","250","金冠体育用品专营店","2019-04"
"2","服装鞋包","森马","Semir/森马","130259","浙江森马服饰有限公司","浙江森马服饰有限公司","1477672","1.4246835E8","透气休闲运动鞋男鞋2019夏季时尚韩版轻便网面小白鞋子男潮鞋","13659","森马裕伟专卖店","2019-04"
"2","服装鞋包","歌力思","ELLASSAY/歌力思","3470894","深圳歌力思服饰股份有限公司","深圳歌力思服饰股份有限公司","6563","5827070.0","黄圣依同款ELLASSAY歌力思2019春夏新款 气质很仙的蕾丝连衣裙女","1243","歌力思官方旗舰店","2019-04"
"2","服装鞋包","波司登","Bosideng/波司登","29470","波司登国际服饰(中国)有限公司","波司登国际服饰(中国)有限公司","37677","6960219.0","预售波司登羽绒服男加厚中长款2018新款毛领防寒外套B80142509DS","16032","美伊美服饰专营店","2019-04"
"2","服装鞋包","波司登","波司登","121588122","波司登国际服饰(中国)有限公司","波司登国际服饰(中国)有限公司","1340","583739.0","波司登鹅绒短款羽绒服机车服保暖防寒冬季男装B1601323","234","波司登服饰官方outlets店","2019-04"
"2","服装鞋包","海澜之家","HLA/海澜之家","119861624","海澜之家服饰有限公司","海澜之家服饰有限公司","416350","4.4894083E7","雅致格纹短袖T恤2018夏季新品舒适短袖POLO男","6393","海澜之家鹏程万里专卖","2019-04"
"2","服装鞋包","耐克","Nike/耐克","20578","耐克创新有限合伙公司","耐克创新有限合伙公司","750","158673.0","耐克篮球护臂套加长跑步足球骑行吸汗运动护肘袖防晒冰袖开车NIKE","174","跨境结算测试2","2019-04"
"2","服装鞋包","阿迪达斯","Adidas/阿迪达斯","20579","阿迪达斯有限公司","阿迪达斯有限公司","1656","276999.0","陌浅大电分销测试请不要拍","9916","魅力惠官方旗舰店","2019-04"
"6","母婴用品","Blackmores","澳佳宝（Blackmores）","3323552","黛浓有限公司","大众营养投资公司","6144","1404014.0","澳洲进口Neurio婴幼儿乳铁蛋白粉60g牛乳蛋白粉增强营养抵抗力","32","阿里健康海外旗舰店","2019-04"
"6","母婴用品","GNC","GNC/健安喜","44932","GNC","GNC","1636","246364.0","【美国直邮】GNC健安喜维生素d3滴剂7.5ml婴儿vd3婴幼儿补钙宝宝","10","GNC健安喜官方海外旗舰店","2019-04"
"6","母婴用品","H&M","H&M","45445","HM官方旗舰店","HM官方旗舰店","238781","1.8152061E7","出错啦！ - 天猫-网上商城 品牌正品 七天无理由退换货 提供发票 商城保障-天猫-上天猫，就购了","4421","HM官方旗舰店","2019-04"
"6","母婴用品","Zara","Zara","13261850","ZARA官方旗舰店","ZARA官方旗舰店","388","71662.0","zara 春夏 新款 童装女童 刺绣衬衫 09061602251","3367","zarahome官方旗舰店","2019-04"
"6","母婴用品","优衣库","Uniqlo/优衣库","29527","株式会社迅销","株式会社迅销","560691","3.8673168E7","童装/男童/女童 高筒袜(2双装) 411958 优衣库UNIQLO","974","优衣库官方旗舰店","2019-04"
"6","母婴用品","南极人","南极人(NANJIREN)","107380","南极人(上海)股份有限公司","南极人(上海)股份有限公司","3967674","1.69375775E8","黑色t恤女童长袖纯棉圆领春装儿童休闲洋气潮款中大童打底衫宽松","12939","麦维服饰专营店","2019-04"
"6","母婴用品","安踏","ANTA/安踏","3424764","安踏(中国)有限公司","安踏(中国)有限公司","420336","5.4457324E7","踏运动鞋男鞋官网2019新款夏季网面透气休闲洋气潮跑步鞋椰子鞋男","7981","隽维运动专营店","2019-04"
"6","母婴用品","李宁","Lining/李宁","20592","李宁体育(上海)有限公司","李宁体育(上海)有限公司","15066","2074777.0","纽约时装周系列李宁童鞋7-12岁男大童新款悟道2 ACE运动鞋YKBN048","1368","贝拉维母婴专营店","2019-04"
"6","母婴用品","森马","Semir/森马","130259","浙江森马服饰有限公司","浙江森马服饰有限公司","36","5086.0","森马童装马甲男童女童青少年冬季新款小立领外套轻薄羽绒服背心暖","9","森马官方旗舰店","2019-04"
"6","母婴用品","汤臣倍健","天然博士","3571373","汤臣倍健股份","汤臣倍健股份有限公司","320","60195.0","汤臣倍健宝宝益生菌粉婴幼儿童肠胃肠道新生儿固体饮料旗舰店正品","4","汤臣倍健官方旗舰店","2019-04"
"6","母婴用品","汤臣倍健","汤臣倍健（BY-HEALTH）","3577479","汤臣倍健股份","汤臣倍健股份有限公司","2202","382272.0","汤臣倍健铁叶酸片孕妇怀孕备孕前补充叶酸补铁男女矿物质","12","汤臣倍健官方旗舰店","2019-04"
"6","母婴用品","波司登","Bosideng/波司登","29470","波司登国际服饰(中国)有限公司","波司登国际服饰(中国)有限公司","1830","310537.0","预售11.20发货】波司登童装防寒无缝短款儿童羽绒服T80142539DS","2725","美伊美服饰专营店","2019-04"
"6","母婴用品","波司登","波司登","121588122","波司登国际服饰(中国)有限公司","波司登国际服饰(中国)有限公司","358","52804.0","波司登童装迪士尼合作款儿童羽绒服男女童保暖羽绒外套T70142126D","54","波司登服饰官方outlets店","2019-04"
"6","母婴用品","海尔","海尔（Haier）","11016","海尔集团","青岛海尔投资发展有限公司","6174","2081640.0","艳秋测试赠品STB测试，请不要拍","170","长荣母婴专营店","2019-04"
"6","母婴用品","美的","美的（Midea）","30652","美的集团","美的集团股份有限公司","12737","3295874.0","美的食品级硅胶可折叠式电热水壶旅行宿舍家用便携式烧水壶","31","贝贝熊官方旗舰店","2019-04"
"6","母婴用品","耐克","Nike/耐克","20578","耐克创新有限合伙公司","耐克创新有限合伙公司","98969","3.3694676E7","耐克（NIKE）跑步鞋 AIR MAX 90 MESH (GS) 儿童跑步鞋833340 402","2044","麦巨鞋类专营店","2019-04"
"6","母婴用品","资生堂","Shiseido/资生堂","20096","株式会社资生堂","株式会社资生堂","56","2808.0","日本直邮 资生堂婴幼儿爽身粉天然止痒粉扑四季通用成","3","FRESTA海外旗舰店","2019-04"
"6","母婴用品","阿迪达斯","Adidas/阿迪达斯","20579","阿迪达斯有限公司","阿迪达斯有限公司","81934","2.533756E7","阿迪阿斯童鞋男大童系带舒适儿童运动跑步鞋BB7108","8235","麦巨鞋类专营店","2019-04"
"6","母婴用品","韩束","红色小象","7951745","上海黎姿化妆品有限公司","上海黎姿化妆品有限公司","529470","3.4583524E7","（可删除）红色小象婴儿洗衣皂120g*4","1148","红色小象旗舰店","2019-04"
"6","母婴用品","飞科","飞科（FLYCO）","30822","飞科股份","上海飞科电器股份有限公司","37","2553.0","飞科理发器婴儿宝宝剃头电推子超静音新生电动电推剪家用剃头发","1","飞科众淘专卖店","2019-04"
"13","汽配摩托","TCL","TCL","10858","TCL集团","TCL集团股份有限公司","20213","5336587.0","车载空气净化器滤芯TCL KJ35F-C1专用HEPA滤网tcl滤网","151","蓝蜂车品专营店","2019-04"
"13","汽配摩托","创维","创维（Skyworth）","11841","创维集团","创维集团有限公司","209","56012.0","创维车载空气净化器汽车内用负离子车用净化器 杀菌除甲醛除异味","1","正立方汽车用品专营店","2019-04"
"13","汽配摩托","南极人","南极人(NANJIREN)","107380","南极人(上海)股份有限公司","南极人(上海)股份有限公司","16838","2051630.0","黑檀木高档汽车挂件紫光檀乌木佛珠保平安符后视镜吊坠装饰品","1429","郑州老司机汽车用品专营店","2019-04"
"13","汽配摩托","海尔","海尔（Haier）","11016","海尔集团","青岛海尔投资发展有限公司","1939","824390.0","海尔车载空气净化器除甲醛负离子氧吧pm2.5消除异味香薰杀菌","30","赫湘汽车用品专营店","2019-04"
"13","汽配摩托","海尔","统帅（Leader）","113190408","海尔集团","青岛乐家电器有限公司","839","123531.0","海尔统帅 车载吸尘器强力大功率家车两用 汽车干湿两用小型手持","3","统帅车品旗舰店","2019-04"
"13","汽配摩托","美的","美的（Midea）","30652","美的集团","美的集团股份有限公司","2288","664858.0","美的高端车载吸尘器多功能汽车用吸尘器家用家车两用豪车土豪套装","52","舒展车品专营店","2019-04"
"11","生活服务","耐克","Nike/耐克","20578","耐克创新有限合伙公司","耐克创新有限合伙公司","1","500.0","500元 NIKE 礼品卡 实体礼品卡 500元面值 官网线下店使用","2","NIKE官方旗舰店","2019-04"
"8","百货食品","Blackmores","澳佳宝（Blackmores）","3323552","黛浓有限公司","大众营养投资公司","126392","2.286991E7","辅酶q10软胶囊30粒澳洲blackmores原装进口coq10保护心脏保健品","599","阿里健康海外旗舰店","2019-04"
"8","百货食品","GNC","GNC/健安喜","44932","GNC","GNC","68675","1.503623E7","进口vitafusion维生素软糖成人综合多种女士复合维生素咀嚼小熊糖","2333","阿里健康海外旗舰店","2019-04"
"8","百货食品","H&M","H&M","45445","HM官方旗舰店","HM官方旗舰店","2251","170794.0","H＆M餐饮具马克杯 北欧风杯子图案水杯陶瓷杯 HM0672851","332","HM官方旗舰店","2019-04"
"8","百货食品","TCL","TCL","10858","TCL集团","TCL集团股份有限公司","52939","4206939.0","香薰灯精油香薰机加湿器家用usb超声波喷雾机香薰炉静音卧室酒店","37","tcl麦兜专卖店","2019-04"
"8","百货食品","Zara","Zara","13261850","ZARA官方旗舰店","ZARA官方旗舰店","20963","2576335.0","出错啦！ - 天猫-网上商城 品牌正品 七天无理由退换货 提供发票 商城保障-天猫-上天猫，就购了","1859","zarahome官方旗舰店","2019-04"
"8","百货食品","一叶子","一叶子（Oneleaf）","104506277","上海黎姿化妆品有限公司","上海黎姿化妆品有限公司","1418","51014.0","一叶子酪梨面霜50g补水锁水保湿滋润不油腻正品学生女睡眠面膜","11","天猫超市","2019-04"
"8","百货食品","九阳","九阳（Joyoung）","30850","九阳股份","九阳股份有限公司","88190","8121639.0","防烫夹神器不锈钢蒸菜取碗器夹盘子夹子砂锅防滑取碗夹厨房小工具","408","苏宁易购官方旗舰店","2019-04"
"8","百货食品","九阳","阳光豆坊","3352484","九阳股份","九阳股份有限公司","1535","52248.0","阳光豆坊花之秀豆 秀豆条装65g","137","阳光豆坊旗舰店","2019-04"
"8","百货食品","五粮液","五粮头曲","273944023","五粮液集团","四川省宜宾五粮液集团有限公司","3","1287.0","宜宾股份公司五粮头曲52度500ml浓香型高度粮食白酒礼盒1瓶","5","金源鹏祥酒类专营店","2019-04"
"8","百货食品","五粮液","五粮液（WULIANGYE）","4536492","五粮液集团","四川省宜宾五粮液集团有限公司","46140","1.847088E7","（老酒）五粮液生态酿酒出品52度华彩人生1.5L大坛酒 陶瓷坛收藏","1412","鹏富酒类专营店","2019-04"
"8","百货食品","佰草集","Herborist/佰草集","20016","上海家化联合股份有限公司","上海家化联合股份有限公司","334","48132.0","惊宇测试sku商品,测试”, ”请不要拍”","4","天猫超市","2019-04"
"8","百货食品","千禾","千禾","7719279","千禾股份","千禾味业食品股份有限公司","139414","5787104.0","零添加 千禾窖醋10年御藏凉拌饺子蘸料家庭食用老陈醋500ml*2瓶装","939","颖柴食品专营店","2019-04"
"8","百货食品","华帝","Vatti/华帝","30835","华帝股份","华帝股份有限公司","6456","1056790.0","华帝鸳鸯锅火锅炉盆304不锈钢不串味家用电磁炉专用大容量鸳鸯锅","51","华帝厨具旗舰店","2019-04"
"8","百货食品","南极人","南极人(NANJIREN)","107380","南极人(上海)股份有限公司","南极人(上海)股份有限公司","922254","3.8728682E7","黑色口罩一次性成人男女士透气防尘 雾霾口罩易呼吸防灰粉尘口罩","2779","颂望家居专营店","2019-04"
"8","百货食品","古井贡","古井贡酒","4536999","古井贡集团","安徽古井贡酒股份有限公司","20640","4788560.0","醉仙网 古井贡酒年份原浆献礼版50度500ml*2瓶浓香型礼盒送礼白酒","713","高原酒类专营店","2019-04"
"8","百货食品","御泥坊","御泥坊","3287905","湖南御泥坊化妆品有限公司","湖南御泥坊化妆品有限公司","1703","136070.0","御泥坊素颜霜V7学生专用少女男懒人补水保湿隔离遮瑕面霜合一正品","2","天猫超市","2019-04"
"8","百货食品","恒顺","恒顺","3230019","恒顺集团","江苏恒顺醋业股份有限公司","113368","2004664.0","镇江香醋恒顺醋恒顺蜂蜜醋380ML镇江特产恒顺香醋蜂蜜醋实惠大瓶","610","苏宁易购官方旗舰店","2019-04"
"8","百货食品","格力","大松（TOSOT）","528788281","格力集团","珠海格力电器股份有限公司","93","18507.0","TOSOT/大松GA-0901全自动红外线智能垃圾桶感应家用客厅卫生间","2","大松电器旗舰店","2019-04"
"8","百货食品","桃李","桃李","15131782","桃李公司","沈阳桃李面包股份有限公司","86701","2750571.0","桃李鸡蛋香松面包720g 夹心香松小手撕网红面包零食营养早餐食品","25","桃李食品旗舰店","2019-04"
"8","百货食品","森马","Semir/森马","130259","浙江森马服饰有限公司","浙江森马服饰有限公司","10322","504707.0","森马玻璃水杯男女便携可爱学生杯家用清新网红小水杯","8","森马家纺旗舰店","2019-04"
"8","百货食品","欧莱雅","L'OREAL/欧莱雅","20068","莱雅公司","莱雅公司","19074","1232291.0","进口正品欧莱雅蛋白修护洗发水 滋养抗干枯补充蛋白补水修护","330","隆蕊居家日用专营店","2019-04"
"8","百货食品","水井坊","水井坊","4536640","水井坊股份","四川水井坊股份有限公司","5650","5141369.0","（送江中猴姑米稀）水井坊臻酿八号52度浓香型500ml白酒","404","鹏富酒类专营店","2019-04"
"8","百货食品","汤臣倍健","健力多","559414702","汤臣倍健股份","广东汤臣倍健生物科技股份有限公司","113064","2.1190054E7","领大券加送 汤臣倍健健力多氨糖软骨素钙片100片中老年官方旗舰店","303","麦优尚品保健品专营店","2019-04"
"8","百货食品","汤臣倍健","天然博士","3571373","汤臣倍健股份","汤臣倍健股份有限公司","5857","908821.0","益生菌婴幼儿婴儿调理肠胃道汤臣倍健天然博士宝宝新生儿童冻干粉","42","百岁堂保健品专营店","2019-04"
"8","百货食品","汤臣倍健","汤臣倍健（BY-HEALTH）","3577479","汤臣倍健股份","汤臣倍健股份有限公司","701753","1.10860079E8","（4月活动）汤臣倍健胶原软骨素钙片180片","6234","龙岩百信大药房旗舰店","2019-04"
"8","百货食品","洋河","洋河","3670389","洋河酒厂","江苏洋河酒厂股份有限公司","28282","1.3513748E7","酒街网 洋河蓝色经典天之蓝38度480ml*6瓶","1585","金樽酒类专营店","2019-04"
"8","百货食品","海天","海天（HADAY）","3250190","海天集团","佛山市海天调味食品股份有限公司","847964","1.6724674E7","黄豆酱YES海天大豆酱原味辣味800g*2瓶 蘸酱炒菜拌饭酱调味豆瓣酱","1039","颖柴食品专营店","2019-04"
"8","百货食品","海尔","海尔（Haier）","11016","海尔集团","青岛海尔投资发展有限公司","9569","2708423.0","飞利浦雾化器CN-B-0303小海豹医用家用儿童成人空气压缩雾化机","115","阿里健康测试1的小店","2019-04"
"8","百货食品","珀莱雅","PROYA/珀莱雅","3300940","珀莱雅化妆品股份有限公司","珀莱雅化妆品股份有限公司","4215","396422.0","珀莱雅素颜霜春夏学生遮瑕裸妆提亮肤色补水保湿懒人面霜女正品","3","天猫超市","2019-04"
"8","百货食品","百雀羚","PECHOIN/百雀羚","3278173","上海百雀羚日用化学有限公司","上海百雀羚日用化学有限公司","1366","109382.0","百雀羚小森羚海棠身体乳保湿滋润补水淡香全身润体乳","4","好药师大药房旗舰店","2019-04"
"8","百货食品","美的","美的（Midea）","30652","美的集团","美的集团股份有限公司","103529","1.0858588E7","香薰机香薰灯香薰加湿器喷雾熏香机家用静音卧室助眠精油插电浪漫","570","菜鸟测试帐号1002的小店","2019-04"
"8","百货食品","膜法世家","膜法世家","47195032","上海悦目化妆品有限公司","上海悦目化妆品有限公司","666","66533.0","膜法世家水光VC素颜霜提亮肤色补水保湿裸妆懒人滋润面霜男女正品","1","天猫超市","2019-04"
"8","百货食品","自然之宝","自然之宝","3583923","自然之宝公司","自然之宝公司","19969","2427445.0","自然之宝黑皮诺葡萄籽胶囊100mg30粒美白抗过敏原花青素柑橘","334","阿里健康海外旗舰店","2019-04"
"8","百货食品","苏泊尔","南洋","3287185","苏泊尔集团","杭州苏泊尔南洋药业有限公司","2005","84977.0","送贴膏】南洋理通麝香祛痛气雾剂84ml 去痛射香喷雾剂搽剂","181","马应龙大药房旗舰店","2019-04"
"8","百货食品","苏泊尔","苏泊尔（SUPOR）","30844","苏泊尔集团","浙江苏泊尔股份有限公司","642069","8.6044894E7","高压锅密封圈20cm苏泊尔不锈钢压力锅胶圈 锅圈配件硅胶圈皮圈","5269","苏泊尔餐具旗舰店","2019-04"
"8","百货食品","茅台","习酒","254398165","茅台集团","贵州茅台酒厂(集团)习酒有限责任公司","11688","4680353.0","（单拍不发货）习酒53度窖藏1988 100ml酱香型白酒纯粮酒","629","龙泉酒类专营店","2019-04"
"8","百货食品","茅台","国隆（guolong）","3330590","茅台集团","贵州茅台酒厂集团技术开发公司","21","5126.0","贵州白酒礼盒2瓶装52度柔雅浓香型礼品白酒金波瓶","13","逸墨酒类专营店","2019-04"
"8","百货食品","茅台","白金酒","32806268","茅台集团","贵州茅台酒厂（集团）白金酒责任有限公司","91","26819.0","贵州茅台集团白金酒迎宾酒52度浓香型白酒六瓶箱装","51","飞正酒类专营店","2019-04"
"8","百货食品","茅台","茅乡","68120842","茅台集团","中国贵州茅台酒厂(集团)有限责任公司","229","10762.0","酱香型 酒糟酒 白酒53度 原浆发窖藏老酒 单瓶装500ml 单瓶","7","斟酒网酒类专营店","2019-04"
"8","百货食品","茅台","茅台（MOUTAI）","4101168","茅台集团","中国贵州茅台酒厂(集团)有限责任公司","24285","2.0786814E7","飞天茅台酒国产白酒43度500ml酱香型白酒自营正品","968","酒富盛酩酒类专营店","2019-04"
"8","百货食品","茅台","赖茅","8371606","茅台集团","中国贵州茅台酒厂(集团)有限责任公司","2133","1269213.0","领券下单立减贵州茅台53度 赖茅传承蓝500mL*6瓶整箱装酱香型白酒","39","盛扬酒类专营","2019-04"
"8","百货食品","资生堂","Shiseido/资生堂","883052219","株式会社资生堂","株式会社资生堂","83125","8477673.0","进口资生堂顺柔光润水晶直烫液丝感发膜700g直发柔顺修护护理倒膜","833","香琦居家日用专营店","2019-04"
"8","百货食品","酒鬼","酒鬼（JIUGUI）","5413560","酒鬼股份","酒鬼酒股份有限公司","6081","2019141.0","醉仙网酒鬼酒60度3300ml大坛酒青花瓷瓶大坛收藏高度白酒送礼自饮","312","醉仙网酒类专营店","2019-04"
"8","百货食品","阿迪达斯","Adidas/阿迪达斯","20579","阿迪达斯有限公司","阿迪达斯有限公司","144988","7261872.0","雪倾测试商品，请不要拍，商品信息，视频，千人千面，动态，搭配","676","阿迪达斯点妆专卖店","2019-04"
"8","百货食品","韩束","Kans/韩束","3328525","上海黎姿化妆品有限公司","上海黎姿化妆品有限公司","426","32210.0","韩束红石榴乳液100ml补水保湿滋润学生女护肤润肤面霜乳官网正品","2","天猫超市","2019-04"
"8","百货食品","韩束","SOVYA/索薇娅","1085014490","上海黎姿化妆品有限公司","上海优上生物科技有限公司","8306","523622.0","索薇娅香水沐浴露持久留香男女通用香体香氛日本沫沐浴乳液身体乳","84","索薇娅去美专卖店","2019-04"
"8","百货食品","韩束","红色小象","7951745","上海黎姿化妆品有限公司","上海黎姿化妆品有限公司","6099","605807.0","红色小象酵素婴儿去渍洗衣皂宝宝专用肥皂尿布皂婴幼儿新生儿bb皂","18","红色小象旗舰店","2019-04"
"8","百货食品","飞科","飞科（FLYCO）","30822","飞科股份","上海飞科电器股份有限公司","97","10478.0","飞科男士剃须刀电动智能充电式全身水洗官方刮胡刀正品旗舰店专用","2","飞科联益专卖店","2019-04"
"5","美妆饰品","Blackmores","澳佳宝（Blackmores）","3323552","黛浓有限公司","大众营养投资公司","25458","1866706.0","麦德龙 澳洲进口 澳佳宝blackmores ve霜 保湿补水滋润面霜","43","麦德龙官方海外旗舰店","2019-04"
"5","美妆饰品","GNC","GNC/健安喜","44932","GNC","GNC","736","66594.0","GNC健安喜黄体酮霜*57g外用护肤滋养调节内分泌","5","GNC健安喜官方海外旗舰店","2019-04"
"5","美妆饰品","一叶子","一叶子（Oneleaf）","104506277","上海黎姿化妆品有限公司","上海黎姿化妆品有限公司","293424","2.7607724E7","这就是街舞 一叶子彩泥膜 补水保湿清洁控油提亮肤色紧致滋润正品","854","阿里健康大药房","2019-04"
"5","美妆饰品","佰草集","Herborist/佰草集","20016","上海家化联合股份有限公司","上海家化联合股份有限公司","64362","1.2137629E7","（礼盒拆开）佰草集新玉润保湿化妆水200ml 爽肤水官方旗舰店正品","769","阿里健康大药房","2019-04"
"5","美妆饰品","兰蔻","Lancome/兰蔻","20067","法国兰蔻国际集团有限公司","法国兰蔻国际集团有限公司","270189","1.52484665E8","测试商品官网直供2，请不要拍！Lancome/兰蔻","201","天猫国际测试账号1","2019-04"
"5","美妆饰品","御泥坊","御泥坊","3287905","湖南御泥坊化妆品有限公司","湖南御泥坊化妆品有限公司","414036","3.7971715E7","御泥坊黑面膜补水保湿套装清洁控油收缩毛孔护肤品提亮肤色正品女","586","阿里健康大药房","2019-04"
"5","美妆饰品","御泥坊","御泥坊男士","81318291","湖南御泥坊化妆品有限公司","湖南御泥坊化妆品有限公司","9274","838621.0","御泥坊茶树男士祛痘抗痘控油保湿补水清洁面膜洁面乳洗面奶套装","46","御泥坊男士旗舰店","2019-04"
"5","美妆饰品","欧莱雅","L'OREAL/欧莱雅","20068","莱雅公司","莱雅公司","1873556","2.41020986E8","预售欧莱雅复颜提拉紧肤积雪草粉底液女保湿遮瑕bb霜女旗舰店官网","5839","龙祺化妆品专营店","2019-04"
"5","美妆饰品","海澜之家","HLA/海澜之家","119861624","海澜之家服饰有限公司","海澜之家服饰有限公司","150","16710.0","HLA/海澜之家简约舒适偏光镜2018夏季热卖男士墨镜","25","海澜之家恒顺通专卖店","2019-04"
"5","美妆饰品","珀莱雅","PROYA/珀莱雅","3300940","珀莱雅化妆品股份有限公司","珀莱雅化妆品股份有限公司","594911","7.9582889E7","珀莱雅黑鱼子泡泡水润面膜女正品专柜补水保湿收缩毛孔官方旗舰店","1802","雯翠化妆品专营店","2019-04"
"5","美妆饰品","百雀羚","PECHOIN/百雀羚","3278173","上海百雀羚日用化学有限公司","上海百雀羚日用化学有限公司","700197","7.6768322E7","雅芳止汗露组合装香体露男女走珠滚珠抑汗腋下去狐臭持久淡香香体","2891","雅妆化妆品专营店","2019-04"
"5","美妆饰品","科沃斯","科沃斯（Ecovacs）","182762269","科沃斯股份","科沃斯机器人有限公司","6052","1068437.0","高清近视眼镜男超轻大脸眼镜框男全框配眼镜近视加散光大框眼镜男","425","科沃斯眼镜旗舰店","2019-04"
"5","美妆饰品","耐克","Nike/耐克","20578","耐克创新有限合伙公司","耐克创新有限合伙公司","415","290634.0","耐克Nike2019运动近视眼镜男板材舒适全框可网上配镜近视眼镜框架","48","跨境结算测试2","2019-04"
"5","美妆饰品","膜法世家","膜法世家","47195032","上海悦目化妆品有限公司","上海悦目化妆品有限公司","540136","5.1596801E7","膜法世酵素黑面膜贴7片玻尿酸水润光泽保湿学生正品补水提亮肤色","780","阿里健康大药房","2019-04"
"5","美妆饰品","自然堂","CHANDO/自然堂","66927","伽蓝（集团）股份有限公司","伽蓝（集团）股份有限公司","654376","9.3557623E7","雪润皙白晶澈淡斑精华液40ml 保湿滋润淡斑美白面部精华专柜正品","2785","马鞍山悦妆化妆品专营店","2019-04"
"5","美妆饰品","资生堂","Shiseido/资生堂","883052219","株式会社资生堂","株式会社资生堂","236016","3.8601462E7","露蜜焕彩洗护套装","1272","鼎美国际海外专营店","2019-04"
"5","美妆饰品","阿迪达斯","Adidas/阿迪达斯","20579","阿迪达斯有限公司","阿迪达斯有限公司","109968","5003868.0","阿迪达斯骑行眼镜防风沙男山地车骑行遮阳运动眼镜登山徒步太阳镜","567","阿迪达斯点妆专卖店","2019-04"
"5","美妆饰品","雅诗兰黛","雅诗兰黛","20034","雅诗兰黛有限公司","雅诗兰黛有限公司","208922","1.13467908E8","雅诗兰黛香水正品 欢沁淡香薰 女士 清新","127","阿里掌柜测试帐号","2019-04"
"5","美妆饰品","雪花秀","SULWHASOO/雪花秀","3637963","株式会社爱茉莉太平洋","株式会社爱茉莉太平洋","41080","2.0602716E7","韩国雪花秀雨润夜间修护睡眠面膜女补水保湿免洗美白涂抹式120ml","159","雅施海外旗舰店","2019-04"
"5","美妆饰品","韩束","HIFACE/韩粉世家","3316925","上海黎姿化妆品有限公司","上海上美化妆品有限公司","4768","441045.0","韩粉世家高光粉饼定妆遮瑕持久控油防水修容干粉女旗舰店官网正品","80","韩粉世家素颜专卖店","2019-04"
"5","美妆饰品","韩束","Kans/韩束","3328525","上海黎姿化妆品有限公司","上海黎姿化妆品有限公司","209109","2.9635052E7","韩束黑面膜贴女补水保湿清洁收缩毛孔紧致免洗官方旗舰店男士正品","1133","韩束领航专卖店","2019-04"
"5","美妆饰品","韩束","WZUN/吾尊","2420805230","上海黎姿化妆品有限公司","上海韩束化妆品有限公司","4041","240344.0","吾尊磨砂洗面奶 控油去死皮角质洁面ㄠ去黑头收缩毛孔男生NBA","53","屈臣氏官方旗舰店","2019-04"
"5","美妆饰品","韩束","红色小象","7951745","上海黎姿化妆品有限公司","上海黎姿化妆品有限公司","36","8604.0","红色小象孕妇护肤品套装纯补水保湿怀孕期专用天然化妆品套装正品","1","天猫超市","2019-04"
"9","运动户外","H&M","H&M","45445","HM官方旗舰店","HM官方旗舰店","4834","754205.0","出错啦！ - 天猫-网上商城 品牌正品 七天无理由退换货 提供发票 商城保障-天猫-上天猫，就购了","549","HM官方旗舰店","2019-04"
"9","运动户外","Zara","Zara","13261850","ZARA官方旗舰店","ZARA官方旗舰店","23","5637.0","Zara Home 豹纹比基尼内裤 49706610051","99","zarahome官方旗舰店","2019-04"
"9","运动户外","优衣库","Uniqlo/优衣库","29527","株式会社迅销","株式会社迅销","3883","623377.0","女装 连体泳衣 416586 优衣库UNIQLO","17","优衣库官方旗舰店","2019-04"
"9","运动户外","南极人","南极人(NANJIREN)","107380","南极人(上海)股份有限公司","南极人(上海)股份有限公司","135388","1.6962838E7","骑摩托车护膝防寒加厚冬季保暖男女电动车护膝电瓶车护具骑车防风","1047","我的B2C小店0","2019-04"
"9","运动户外","安踏","ANTA/安踏","3424764","安踏(中国)有限公司","安踏(中国)有限公司","1751325","2.91679443E8","（无货）正品休闲鞋男鞋 2018夏季新款气垫潮鞋透气 加厚跑步鞋","25737","零触点运动专营店","2019-04"
"9","运动户外","李宁","Lining/李宁","20592","李宁体育(上海)有限公司","李宁体育(上海)有限公司","2809364","3.59583581E8","（广州小陈）羽毛球服男女款国家队比赛2019全英赛大赛AAYP023","49812","齐点运动专营店","2019-04"
"9","运动户外","耐克","Nike/耐克","20578","耐克创新有限合伙公司","耐克创新有限合伙公司","978995","3.7328526E8","鹈鹕队戴维斯 NIKE短袖 DRY 男子 T恤 NBA 870793","68633","龙盛运动专营店","2019-04"
"9","运动户外","苏泊尔","南洋","3287185","苏泊尔集团","杭州苏泊尔南洋药业有限公司","1102","621814.0","英制优质人力三轮车牙盘36白色牙盘曲柄左拐36齿脚踏车零部件","34","南洋旗舰店","2019-04"
"9","运动户外","阿迪达斯","Adidas/阿迪达斯","20579","阿迪达斯有限公司","阿迪达斯有限公司","1527652","5.89399817E8","高尔夫鞋子 阿迪达斯/ADIDAS Q46976 男士高尔夫球鞋 专业款鞋","144793","麦巨鞋类专营店","2019-04"
